"displayName","rating","userRatingCount","primaryType","placeUri","address","latitude","longitude","weekdayDescriptions","nextCloseTime"
"Black Gold Amsterdam","4.8","749","coffee_shop","https://maps.google.com/?cid=13817876557388349051&g_mp=Cidnb29nbGUubWFwcy5wbGFjZXMudjEuUGxhY2VzLlNlYXJjaFRleHQQABgEIAA","Korte Koningsstraat 13 H, 1011 EX Amsterdam, Netherlands","52.371787999999995","4.9030432","Monday: 9:00 AM - 5:00 PM
Tuesday: 9:00 AM - 5:00 PM
Wednesday: 9:00 AM - 5:00 PM
Thursday: 9:00 AM - 5:00 PM
Friday: 9:00 AM - 5:00 PM
Saturday: 10:00 AM - 6:00 PM
Sunday: 10:00 AM - 6:00 PM","2025-08-11T15:00:00Z"
"Hummingbird Coffee Amsterdam","4.6","850","coffee_shop","https://maps.google.com/?cid=16912688596054977832&g_mp=Cidnb29nbGUubWFwcy5wbGFjZXMudjEuUGxhY2VzLlNlYXJjaFRleHQQABgEIAA","Spuistraat 217, 1012 RN Amsterdam, Netherlands","52.371586799999996","4.8895102999999995","Monday: 8:30 AM - 5:00 PM
Tuesday: 8:30 AM - 5:00 PM
Wednesday: 8:30 AM - 5:00 PM
Thursday: 8:30 AM - 5:00 PM
Friday: 8:30 AM - 5:00 PM
Saturday: 9:00 AM - 5:30 PM
Sunday: 9:00 AM - 5:30 PM","2025-08-11T15:00:00Z"
"De Koffieschenkerij","4.7","3054","cafe","https://maps.google.com/?cid=5588248605643341817&g_mp=Cidnb29nbGUubWFwcy5wbGFjZXMudjEuUGxhY2VzLlNlYXJjaFRleHQQABgEIAA","Oudekerksplein 27, 1012 GX Amsterdam, Netherlands","52.3741148","4.898346699999999","Monday: 9:00 AM - 6:00 PM
Tuesday: 9:00 AM - 6:00 PM
Wednesday: 9:00 AM - 6:00 PM
Thursday: 9:00 AM - 6:00 PM
Friday: 9:00 AM - 6:00 PM
Saturday: 9:00 AM - 6:00 PM
Sunday: 9:00 AM - 6:00 PM","2025-08-11T16:00:00Z"
"Bocca Coffee","4.4","1861","coffee_shop","https://maps.google.com/?cid=18188383309989194106&g_mp=Cidnb29nbGUubWFwcy5wbGFjZXMudjEuUGxhY2VzLlNlYXJjaFRleHQQABgEIAA","Kerkstraat 96H, 1017 GP Amsterdam, Netherlands","52.3643905","4.8868164","Monday: 8:00 AM - 6:00 PM
Tuesday: 8:00 AM - 6:00 PM
Wednesday: 8:00 AM - 6:00 PM
Thursday: 8:00 AM - 6:00 PM
Friday: 8:00 AM - 6:00 PM
Saturday: 9:00 AM - 6:00 PM
Sunday: 9:00 AM - 6:00 PM","2025-08-11T16:00:00Z"
"Coffeeshop The Greenhouse Effect Amsterdam","4.4","3491","","https://maps.google.com/?cid=13751898002963946213&g_mp=Cidnb29nbGUubWFwcy5wbGFjZXMudjEuUGxhY2VzLlNlYXJjaFRleHQQABgEIAA","Nieuwmarkt 14, 1012 CR Amsterdam, Netherlands","52.372849","4.899859","Monday: 8:00 AM - 1:00 AM
Tuesday: 8:00 AM - 1:00 AM
Wednesday: 8:00 AM - 1:00 AM
Thursday: 8:00 AM - 1:00 AM
Friday: 8:00 AM - 1:00 AM
Saturday: 8:00 AM - 1:00 AM
Sunday: 8:00 AM - 1:00 AM","2025-08-11T23:00:00Z"
"Caffè il Momento","4.6","872","coffee_shop","https://maps.google.com/?cid=16136560569487544155&g_mp=Cidnb29nbGUubWFwcy5wbGFjZXMudjEuUGxhY2VzLlNlYXJjaFRleHQQABgEIAA","Singel 180, 1015 AJ Amsterdam, Netherlands","52.374684599999995","4.8890461","Monday: 8:00 AM - 6:00 PM
Tuesday: 8:00 AM - 6:00 PM
Wednesday: 8:00 AM - 6:00 PM
Thursday: 8:00 AM - 6:00 PM
Friday: 8:00 AM - 6:00 PM
Saturday: 9:00 AM - 5:00 PM
Sunday: 9:00 AM - 5:00 PM","2025-08-11T16:00:00Z"
"Kafenion Amsterdam","4.9","3035","cafe","https://maps.google.com/?cid=13799867098777125081&g_mp=Cidnb29nbGUubWFwcy5wbGFjZXMudjEuUGxhY2VzLlNlYXJjaFRleHQQABgEIAA","Bloemgracht 49, 1016 KD Amsterdam, Netherlands","52.374677","4.8813721999999995","Monday: 8:00 AM - 7:00 PM
Tuesday: 8:00 AM - 7:00 PM
Wednesday: 8:00 AM - 7:00 PM
Thursday: 8:00 AM - 7:00 PM
Friday: 8:00 AM - 7:00 PM
Saturday: 9:00 AM - 7:30 PM
Sunday: 9:00 AM - 7:30 PM","2025-08-11T17:00:00Z"
"Alpha coffee Amsterdam","4.9","189","coffee_shop","https://maps.google.com/?cid=4986897687822909375&g_mp=Cidnb29nbGUubWFwcy5wbGFjZXMudjEuUGxhY2VzLlNlYXJjaFRleHQQABgEIAA","Amstel 47, 1011 PW Amsterdam, Netherlands","52.3662631","4.9018763","Monday: 9:00 AM - 6:00 PM
Tuesday: 9:00 AM - 6:00 PM
Wednesday: 9:00 AM - 6:00 PM
Thursday: 9:00 AM - 6:00 PM
Friday: 9:00 AM - 6:00 PM
Saturday: 9:30 AM - 6:00 PM
Sunday: 9:30 AM - 6:00 PM","2025-08-11T16:00:00Z"
"LOT61 Coffee Roasters","4.6","1930","food_store","https://maps.google.com/?cid=15526938402491586985&g_mp=Cidnb29nbGUubWFwcy5wbGFjZXMudjEuUGxhY2VzLlNlYXJjaFRleHQQABgEIAA","Kinkerstraat 112, 1053 ED Amsterdam, Netherlands","52.3668272","4.870314","Monday: 8:00 AM - 6:00 PM
Tuesday: 8:00 AM - 6:00 PM
Wednesday: 8:00 AM - 6:00 PM
Thursday: 8:00 AM - 6:00 PM
Friday: 8:00 AM - 6:00 PM
Saturday: 9:00 AM - 6:00 PM
Sunday: 9:00 AM - 6:00 PM","2025-08-11T16:00:00Z"
"Luuk's Coffee Noordermarkt","4.8","880","coffee_shop","https://maps.google.com/?cid=11045848961108365584&g_mp=Cidnb29nbGUubWFwcy5wbGFjZXMudjEuUGxhY2VzLlNlYXJjaFRleHQQABgEIAA","Westerstraat 3, 1015 LT Amsterdam, Netherlands","52.378763899999996","4.8862575","Monday: 7:30 AM - 4:30 PM
Tuesday: 7:30 AM - 4:30 PM
Wednesday: 7:30 AM - 4:30 PM
Thursday: 7:30 AM - 4:30 PM
Friday: 7:30 AM - 4:30 PM
Saturday: 8:00 AM - 5:00 PM
Sunday: 9:00 AM - 5:00 PM","2025-08-11T14:30:00Z"
"Five Ways Coffee Roasters","4.7","556","brunch_restaurant","https://maps.google.com/?cid=8361652983497465977&g_mp=Cidnb29nbGUubWFwcy5wbGFjZXMudjEuUGxhY2VzLlNlYXJjaFRleHQQABgEIAA","Boerhaaveplein 3, 1091 DH Amsterdam, Netherlands","52.3598712","4.9123059","Monday: 8:00 AM - 5:00 PM
Tuesday: 8:00 AM - 5:00 PM
Wednesday: 8:00 AM - 5:00 PM
Thursday: 8:00 AM - 5:00 PM
Friday: 8:00 AM - 5:00 PM
Saturday: 9:00 AM - 6:00 PM
Sunday: 9:00 AM - 6:00 PM","2025-08-11T15:00:00Z"
"LOT61 Amsterdam Centraal Station","4.4","740","coffee_shop","https://maps.google.com/?cid=4810359084861603137&g_mp=Cidnb29nbGUubWFwcy5wbGFjZXMudjEuUGxhY2VzLlNlYXJjaFRleHQQABgEIAA","Oosterdoksstraat 4, 1011 DK Amsterdam, Netherlands","52.376894","4.9043325","Monday: 6:30 AM - 9:00 PM
Tuesday: 6:30 AM - 9:00 PM
Wednesday: 6:30 AM - 9:00 PM
Thursday: 6:30 AM - 9:00 PM
Friday: 6:30 AM - 9:00 PM
Saturday: 7:00 AM - 9:00 PM
Sunday: 7:00 AM - 9:00 PM","2025-08-11T19:00:00Z"
"Coffee & Cakes","4.6","1137","coffee_shop","https://maps.google.com/?cid=9808674227877766445&g_mp=Cidnb29nbGUubWFwcy5wbGFjZXMudjEuUGxhY2VzLlNlYXJjaFRleHQQABgEIAA","Warmoesstraat 133, 1012 JB Amsterdam, Netherlands","52.3738628","4.896120799999999","Monday: 8:00 AM - 10:00 PM
Tuesday: 8:00 AM - 10:00 PM
Wednesday: 8:00 AM - 10:00 PM
Thursday: 8:00 AM - 10:00 PM
Friday: 8:00 AM - 10:00 PM
Saturday: 8:00 AM - 10:00 PM
Sunday: 8:00 AM - 10:00 PM","2025-08-11T20:00:00Z"
"Barney's Coffeeshop Amsterdam THC Cannabis Dispensary","4.6","4782","store","https://maps.google.com/?cid=16644677838783126486&g_mp=Cidnb29nbGUubWFwcy5wbGFjZXMudjEuUGxhY2VzLlNlYXJjaFRleHQQABgEIAA","Haarlemmerstraat 102, 1013 EW Amsterdam, Netherlands","52.3806892","4.8908553","Monday: 9:00 AM - 1:00 AM
Tuesday: 9:00 AM - 1:00 AM
Wednesday: 9:00 AM - 1:00 AM
Thursday: 9:00 AM - 1:00 AM
Friday: 9:00 AM - 1:00 AM
Saturday: 9:00 AM - 1:00 AM
Sunday: 9:00 AM - 1:00 AM","2025-08-11T23:00:00Z"
"Coffee Shop","4.5","95","coffee_shop","https://maps.google.com/?cid=3497098841906748640&g_mp=Cidnb29nbGUubWFwcy5wbGFjZXMudjEuUGxhY2VzLlNlYXJjaFRleHQQABgEIAA","Utrechtsestraat 27HS, 1017 VH Amsterdam, Netherlands","52.364776199999994","4.8980473","Monday: 8:00 AM - 11:30 PM
Tuesday: 8:00 AM - 11:30 PM
Wednesday: 8:00 AM - 11:30 PM
Thursday: 8:00 AM - 11:30 PM
Friday: 8:00 AM - 11:30 PM
Saturday: 8:00 AM - 11:30 PM
Sunday: 8:00 AM - 11:30 PM","2025-08-11T21:30:00Z"
"Coffee & Bites","4.6","656","breakfast_restaurant","https://maps.google.com/?cid=5284912426198355488&g_mp=Cidnb29nbGUubWFwcy5wbGFjZXMudjEuUGxhY2VzLlNlYXJjaFRleHQQABgEIAA","Plantage Middenlaan 44-HS, 1018 DH Amsterdam, Netherlands","52.365945499999995","4.9125043999999995","Monday: 8:30 AM - 4:00 PM
Tuesday: 8:30 AM - 4:00 PM
Wednesday: 8:30 AM - 4:00 PM
Thursday: 8:30 AM - 4:00 PM
Friday: 8:30 AM - 4:00 PM
Saturday: 8:30 AM - 4:00 PM
Sunday: 8:30 AM - 4:00 PM","2025-08-11T14:00:00Z"
"Kaldi Amsterdam Utrechtsestraat","4.9","479","coffee_shop","https://maps.google.com/?cid=6651395700089812166&g_mp=Cidnb29nbGUubWFwcy5wbGFjZXMudjEuUGxhY2VzLlNlYXJjaFRleHQQABgEIAA","Utrechtsestraat 129, 1017 VM Amsterdam, Netherlands","52.3616975","4.8993359","Monday: 8:30 AM - 5:00 PM
Tuesday: 8:30 AM - 5:00 PM
Wednesday: 8:30 AM - 5:00 PM
Thursday: 8:30 AM - 5:00 PM
Friday: 8:30 AM - 5:00 PM
Saturday: 9:00 AM - 5:00 PM
Sunday: 9:30 AM - 3:00 PM","2025-08-11T15:00:00Z"
"KOF Amsterdam Coffee Roasters","4.5","160","coffee_shop","https://maps.google.com/?cid=12834393538407371771&g_mp=Cidnb29nbGUubWFwcy5wbGFjZXMudjEuUGxhY2VzLlNlYXJjaFRleHQQABgEIAA","Huidenstraat 30I, 1016 ET Amsterdam, Netherlands","52.368895599999995","4.8851448","Monday: 8:00 AM - 6:00 PM
Tuesday: 8:00 AM - 6:00 PM
Wednesday: 8:00 AM - 6:00 PM
Thursday: 8:00 AM - 6:00 PM
Friday: 8:00 AM - 6:00 PM
Saturday: 8:00 AM - 6:00 PM
Sunday: 8:00 AM - 6:00 PM","2025-08-11T16:00:00Z"
"Prix d'Ami.","4.4","10038","store","https://maps.google.com/?cid=6838805495389945681&g_mp=Cidnb29nbGUubWFwcy5wbGFjZXMudjEuUGxhY2VzLlNlYXJjaFRleHQQABgEIAA","Haringpakkerssteeg 3, 1012 LR Amsterdam, Netherlands","52.3768702","4.897145699999999","Monday: 7:00 AM - 1:00 AM
Tuesday: 7:00 AM - 1:00 AM
Wednesday: 7:00 AM - 1:00 AM
Thursday: 7:00 AM - 1:00 AM
Friday: 7:00 AM - 1:00 AM
Saturday: 7:00 AM - 1:00 AM
Sunday: 7:00 AM - 1:00 AM","2025-08-11T23:00:00Z"
"Good Beans","4.8","477","coffee_shop","https://maps.google.com/?cid=18056186638478723781&g_mp=Cidnb29nbGUubWFwcy5wbGFjZXMudjEuUGxhY2VzLlNlYXJjaFRleHQQABgEIAA","Binnen Oranjestraat 4, 1013 JA Amsterdam, Netherlands","52.382381","4.887274199999999","Monday: 8:30 AM - 5:00 PM
Tuesday: 8:30 AM - 5:00 PM
Wednesday: 8:30 AM - 5:00 PM
Thursday: 8:30 AM - 5:00 PM
Friday: 8:30 AM - 5:00 PM
Saturday: 9:00 AM - 6:00 PM
Sunday: 10:00 AM - 5:00 PM","2025-08-11T15:00:00Z"
"Coffee shop","4.5","31","coffee_shop","https://maps.google.com/?cid=5536902477587549596&g_mp=Cidnb29nbGUubWFwcy5wbGFjZXMudjEuUGxhY2VzLlNlYXJjaFRleHQQABgEIAA","Blues Brothers Coffee Shop, Amstel 54HS, 1017 AB Amsterdam, Netherlands","52.3669351","4.8956979","Monday: 9:30 AM - 5:00 PM
Tuesday: 9:30 AM - 5:00 PM
Wednesday: 9:30 AM - 5:00 PM
Thursday: 9:30 AM - 5:00 PM
Friday: 9:30 AM - 5:00 PM
Saturday: 9:30 AM - 5:00 PM
Sunday: 10:00 AM - 6:00 PM","2025-08-11T15:00:00Z"
"Back to Black","4.7","1714","","https://maps.google.com/?cid=10287456413340688134&g_mp=Cidnb29nbGUubWFwcy5wbGFjZXMudjEuUGxhY2VzLlNlYXJjaFRleHQQABgEIAA","Weteringstraat 48, 1017 RN Amsterdam, Netherlands","52.361076999999995","4.888494","Monday: 8:00 AM - 6:00 PM
Tuesday: 8:00 AM - 6:00 PM
Wednesday: 8:00 AM - 6:00 PM
Thursday: 8:00 AM - 6:00 PM
Friday: 8:00 AM - 6:00 PM
Saturday: 9:00 AM - 6:00 PM
Sunday: 9:00 AM - 6:00 PM","2025-08-11T16:00:00Z"
"Sango Specialty Coffee Roasters","4.7","982","","https://maps.google.com/?cid=8425108917556132359&g_mp=Cidnb29nbGUubWFwcy5wbGFjZXMudjEuUGxhY2VzLlNlYXJjaFRleHQQABgEIAA","Stromarkt 15, 1012 MZ Amsterdam, Netherlands","52.3785368","4.8945098","Monday: 8:30 AM - 4:00 PM
Tuesday: 8:30 AM - 4:00 PM
Wednesday: 8:30 AM - 4:00 PM
Thursday: 8:30 AM - 4:00 PM
Friday: 8:30 AM - 4:00 PM
Saturday: 8:30 AM - 4:00 PM
Sunday: 9:00 AM - 4:00 PM","2025-08-11T14:00:00Z"
"Luuk's Coffee Vijzelgracht","4.7","284","coffee_shop","https://maps.google.com/?cid=4240338882888545458&g_mp=Cidnb29nbGUubWFwcy5wbGFjZXMudjEuUGxhY2VzLlNlYXJjaFRleHQQABgEIAA","Vijzelgracht 49, 1017 HP Amsterdam, Netherlands","52.360563500000005","4.8914177","Monday: 7:30 AM - 4:30 PM
Tuesday: 7:30 AM - 4:30 PM
Wednesday: 7:30 AM - 4:30 PM
Thursday: 7:30 AM - 4:30 PM
Friday: 7:30 AM - 4:30 PM
Saturday: 8:30 AM - 5:00 PM
Sunday: 9:00 AM - 5:00 PM","2025-08-11T14:30:00Z"
"Coffeeshop IBIZA","4.3","2426","store","https://maps.google.com/?cid=325745987530761291&g_mp=Cidnb29nbGUubWFwcy5wbGFjZXMudjEuUGxhY2VzLlNlYXJjaFRleHQQABgEIAA","Hemonystraat 16, 1074 BP Amsterdam, Netherlands","52.357444799999996","4.9020715","Monday: 10:00 AM - 1:00 AM
Tuesday: 10:00 AM - 1:00 AM
Wednesday: 10:00 AM - 1:00 AM
Thursday: 10:00 AM - 1:00 AM
Friday: 10:00 AM - 1:00 AM
Saturday: 10:00 AM - 1:00 AM
Sunday: 10:00 AM - 1:00 AM","2025-08-11T23:00:00Z"
"Green Place","4.3","1285","store","https://maps.google.com/?cid=14378538325403784578&g_mp=Cidnb29nbGUubWFwcy5wbGFjZXMudjEuUGxhY2VzLlNlYXJjaFRleHQQABgEIAA","Kloveniersburgwal 4, 1012 CT Amsterdam, Netherlands","52.3721177","4.8992756","Monday: 8:00 AM - 1:00 AM
Tuesday: 8:00 AM - 1:00 AM
Wednesday: 8:00 AM - 1:00 AM
Thursday: 8:00 AM - 1:00 AM
Friday: 8:00 AM - 1:00 AM
Saturday: 8:00 AM - 1:00 AM
Sunday: 8:00 AM - 1:00 AM","2025-08-11T23:00:00Z"
"YUSU","4.6","1004","coffee_shop","https://maps.google.com/?cid=7833120867751023708&g_mp=Cidnb29nbGUubWFwcy5wbGFjZXMudjEuUGxhY2VzLlNlYXJjaFRleHQQABgEIAA","Andreas Bonnstraat 2, 1091 AX Amsterdam, Netherlands","52.3598821","4.9110865","Monday: 8:00 AM - 6:00 PM
Tuesday: 8:00 AM - 6:00 PM
Wednesday: 8:00 AM - 6:00 PM
Thursday: 8:00 AM - 6:00 PM
Friday: 8:00 AM - 6:00 PM
Saturday: 9:00 AM - 6:00 PM
Sunday: 9:00 AM - 6:00 PM","2025-08-11T16:00:00Z"
"Coffee Bru","4.5","738","coffee_shop","https://maps.google.com/?cid=6857746182893061174&g_mp=Cidnb29nbGUubWFwcy5wbGFjZXMudjEuUGxhY2VzLlNlYXJjaFRleHQQABgEIAA","Beukenplein 14, 1091 KG Amsterdam, Netherlands","52.3570888","4.9177032999999994","Monday: 7:30 AM - 4:00 PM
Tuesday: 7:30 AM - 4:00 PM
Wednesday: 7:30 AM - 4:00 PM
Thursday: 7:30 AM - 4:00 PM
Friday: 7:30 AM - 4:00 PM
Saturday: 8:30 AM - 4:00 PM
Sunday: 8:30 AM - 4:00 PM","2025-08-11T14:00:00Z"
"coffeecompany","4.1","1753","coffee_shop","https://maps.google.com/?cid=13350948010606199250&g_mp=Cidnb29nbGUubWFwcy5wbGFjZXMudjEuUGxhY2VzLlNlYXJjaFRleHQQABgEIAA","11, Oude Doelenstraat, 1012 ED Amsterdam, Netherlands","52.371636099999996","4.8967306","Monday: 7:30 AM - 7:30 PM
Tuesday: 7:30 AM - 7:30 PM
Wednesday: 7:30 AM - 7:30 PM
Thursday: 7:30 AM - 7:30 PM
Friday: 7:30 AM - 8:30 PM
Saturday: 8:30 AM - 8:30 PM
Sunday: 8:30 AM - 7:30 PM","2025-08-11T17:30:00Z"
"Chapo Amsterdam","4.8","60","coffee_shop","https://maps.google.com/?cid=3833706606732370756&g_mp=Cidnb29nbGUubWFwcy5wbGFjZXMudjEuUGxhY2VzLlNlYXJjaFRleHQQABgEIAA","Kerkstraat 155, 1017 GG Amsterdam, Netherlands","52.363436799999995","4.8888845","Monday: 9:00 AM - 5:00 PM
Tuesday: 9:00 AM - 5:00 PM
Wednesday: 9:00 AM - 5:00 PM
Thursday: 9:00 AM - 5:00 PM
Friday: 9:00 AM - 5:00 PM
Saturday: 9:00 AM - 5:00 PM
Sunday: 9:00 AM - 5:00 PM","2025-08-11T15:00:00Z"
"Coffee & Ice Cream by Capital Kitchen","5.0","18","coffee_shop","https://maps.google.com/?cid=11094384432686602295&g_mp=Cidnb29nbGUubWFwcy5wbGFjZXMudjEuUGxhY2VzLlNlYXJjaFRleHQQABgEIAA","Weesperplein 4A, 1018 XA Amsterdam, Netherlands","52.3619902","4.9069378","Monday: 8:00 AM - 8:00 PM
Tuesday: 8:00 AM - 8:00 PM
Wednesday: 8:00 AM - 8:00 PM
Thursday: 8:00 AM - 8:00 PM
Friday: 8:00 AM - 8:00 PM
Saturday: Closed
Sunday: Closed","2025-08-11T18:00:00Z"
"Strain Hunters Coffeeshop","4.4","563","coffee_shop","https://maps.google.com/?cid=5226085297297991484&g_mp=Cidnb29nbGUubWFwcy5wbGFjZXMudjEuUGxhY2VzLlNlYXJjaFRleHQQABgEIAA","Singel 387, 1012 WN Amsterdam, Netherlands","52.368757699999996","4.8882696999999995","Monday: 9:00 AM - 1:00 AM
Tuesday: 9:00 AM - 1:00 AM
Wednesday: 9:00 AM - 1:00 AM
Thursday: 9:00 AM - 1:00 AM
Friday: 9:00 AM - 1:00 AM
Saturday: 9:00 AM - 1:00 AM
Sunday: 9:00 AM - 1:00 AM","2025-08-11T23:00:00Z"
"Hunter's Coffeeshop Amsterdam Downtown","4.4","1531","store","https://maps.google.com/?cid=13356180156668274454&g_mp=Cidnb29nbGUubWFwcy5wbGFjZXMudjEuUGxhY2VzLlNlYXJjaFRleHQQABgEIAA","Utrechtsestraat 14, 1017 VN Amsterdam, Netherlands","52.3654954","4.8975366","Monday: 9:00 AM - 1:00 AM
Tuesday: 9:00 AM - 1:00 AM
Wednesday: 9:00 AM - 1:00 AM
Thursday: 9:00 AM - 1:00 AM
Friday: 9:00 AM - 1:00 AM
Saturday: 9:00 AM - 1:00 AM
Sunday: 9:00 AM - 1:00 AM","2025-08-11T23:00:00Z"
"Coffeeshop Amsterdam","4.5","2290","store","https://maps.google.com/?cid=18172252392115299358&g_mp=Cidnb29nbGUubWFwcy5wbGFjZXMudjEuUGxhY2VzLlNlYXJjaFRleHQQABgEIAA","Haarlemmerstraat 44, 1013 ES Amsterdam, Netherlands","52.3800848","4.8929082","Monday: 8:00 AM - 1:00 AM
Tuesday: 8:00 AM - 1:00 AM
Wednesday: 8:00 AM - 1:00 AM
Thursday: 8:00 AM - 1:00 AM
Friday: 8:00 AM - 1:00 AM
Saturday: 8:00 AM - 1:00 AM
Sunday: 8:00 AM - 1:00 AM","2025-08-11T23:00:00Z"
"Back to Black","4.7","562","coffee_shop","https://maps.google.com/?cid=2757951390767131292&g_mp=Cidnb29nbGUubWFwcy5wbGFjZXMudjEuUGxhY2VzLlNlYXJjaFRleHQQABgEIAA","Van Hallstraat 268, 1051 HM Amsterdam, Netherlands","52.379399299999996","4.8714727","Monday: 8:00 AM - 6:00 PM
Tuesday: 8:00 AM - 6:00 PM
Wednesday: 8:00 AM - 6:00 PM
Thursday: 8:00 AM - 6:00 PM
Friday: 8:00 AM - 6:00 PM
Saturday: 9:00 AM - 6:00 PM
Sunday: 9:00 AM - 6:00 PM","2025-08-11T16:00:00Z"
"Wakuli specialty coffee bar","4.7","71","cafe","https://maps.google.com/?cid=11275652231488648513&g_mp=Cidnb29nbGUubWFwcy5wbGFjZXMudjEuUGxhY2VzLlNlYXJjaFRleHQQABgEIAA","Vijzelgracht 37, 1017 HP Amsterdam, Netherlands","52.3608019","4.8914608","Monday: 7:00 AM - 6:00 PM
Tuesday: 7:00 AM - 6:00 PM
Wednesday: 7:00 AM - 6:00 PM
Thursday: 7:00 AM - 6:00 PM
Friday: 7:00 AM - 6:00 PM
Saturday: 8:00 AM - 6:00 PM
Sunday: 8:00 AM - 6:00 PM","2025-08-11T16:00:00Z"
"Quartier Putain","4.4","1177","breakfast_restaurant","https://maps.google.com/?cid=2297549056591729758&g_mp=Cidnb29nbGUubWFwcy5wbGFjZXMudjEuUGxhY2VzLlNlYXJjaFRleHQQABgEIAA","Oudekerksplein 4, 1012 GZ Amsterdam, Netherlands","52.374611699999996","4.898705","Monday: 8:00 AM - 6:00 PM
Tuesday: 8:00 AM - 6:00 PM
Wednesday: 8:00 AM - 6:00 PM
Thursday: 8:00 AM - 6:00 PM
Friday: 8:00 AM - 12:00 AM
Saturday: 9:00 AM - 12:00 AM
Sunday: 9:00 AM - 6:00 PM","2025-08-11T16:00:00Z"
"Café Maha Amsterdam","4.5","61","coffee_shop","https://maps.google.com/?cid=11351862092541696172&g_mp=Cidnb29nbGUubWFwcy5wbGFjZXMudjEuUGxhY2VzLlNlYXJjaFRleHQQABgEIAA","Vijzelstraat 103h, 1017 HH Amsterdam, Netherlands","52.363139800000006","4.8923606","Monday: 8:30 AM - 4:30 PM
Tuesday: 8:30 AM - 4:30 PM
Wednesday: 8:30 AM - 4:30 PM
Thursday: 8:30 AM - 4:30 PM
Friday: 8:30 AM - 4:30 PM
Saturday: 10:00 AM - 5:00 PM
Sunday: 11:00 AM - 5:00 PM","2025-08-11T14:30:00Z"
"Coffee & Cakes.","4.4","941","coffee_shop","https://maps.google.com/?cid=12887066011726907892&g_mp=Cidnb29nbGUubWFwcy5wbGFjZXMudjEuUGxhY2VzLlNlYXJjaFRleHQQABgEIAA","Sint Luciënsteeg 21, 1012 PM Amsterdam, Netherlands","52.3706508","4.8910036","Monday: 10:00 AM - 7:00 PM
Tuesday: 10:00 AM - 7:00 PM
Wednesday: 10:00 AM - 7:00 PM
Thursday: 10:00 AM - 7:00 PM
Friday: 10:00 AM - 8:00 PM
Saturday: 10:00 AM - 8:00 PM
Sunday: 10:00 AM - 8:00 PM","2025-08-11T17:00:00Z"
"Coffeeshopamsterdam Café","4.6","1068","coffee_shop","https://maps.google.com/?cid=515847854484118816&g_mp=Cidnb29nbGUubWFwcy5wbGFjZXMudjEuUGxhY2VzLlNlYXJjaFRleHQQABgEIAA","Singel 8, 1013 GA Amsterdam, Netherlands","52.379163999999996","4.893925299999999","Monday: 10:00 AM - 1:00 AM
Tuesday: 10:00 AM - 1:00 AM
Wednesday: 10:00 AM - 1:00 AM
Thursday: 10:00 AM - 1:00 AM
Friday: 10:00 AM - 1:00 AM
Saturday: 10:00 AM - 1:00 AM
Sunday: 10:00 AM - 1:00 AM","2025-08-11T23:00:00Z"
"Coffee Bru","4.8","236","coffee_shop","https://maps.google.com/?cid=1331387362694749509&g_mp=Cidnb29nbGUubWFwcy5wbGFjZXMudjEuUGxhY2VzLlNlYXJjaFRleHQQABgEIAA","Van Woustraat 113, 1074 AH Amsterdam, Netherlands","52.3538168","4.902360799999999","Monday: 8:00 AM - 4:00 PM
Tuesday: 8:00 AM - 4:00 PM
Wednesday: 8:00 AM - 4:00 PM
Thursday: 8:00 AM - 4:00 PM
Friday: 8:00 AM - 4:00 PM
Saturday: 9:00 AM - 5:00 PM
Sunday: 9:00 AM - 5:00 PM","2025-08-11T14:00:00Z"
"Haku Specialty Coffee","4.8","324","food_store","https://maps.google.com/?cid=6154733505273622538&g_mp=Cidnb29nbGUubWFwcy5wbGFjZXMudjEuUGxhY2VzLlNlYXJjaFRleHQQABgEIAA","Rozengracht 69, 1016 LT Amsterdam, Netherlands","52.373287999999995","4.880800499999999","Monday: 8:00 AM - 5:00 PM
Tuesday: 8:00 AM - 5:00 PM
Wednesday: 8:00 AM - 5:00 PM
Thursday: 8:00 AM - 5:00 PM
Friday: 8:00 AM - 5:00 PM
Saturday: 9:00 AM - 6:00 PM
Sunday: 9:00 AM - 6:00 PM","2025-08-11T15:00:00Z"
"Monks Coffee Roasters.","4.7","873","cafe","https://maps.google.com/?cid=5891699866678143707&g_mp=Cidnb29nbGUubWFwcy5wbGFjZXMudjEuUGxhY2VzLlNlYXJjaFRleHQQABgEIAA","Bilderdijkstraat 46H, 1052 NB Amsterdam, Netherlands","52.3712151","4.8702463","Monday: 8:00 AM - 4:00 PM
Tuesday: 8:00 AM - 4:00 PM
Wednesday: 8:00 AM - 4:00 PM
Thursday: 8:00 AM - 4:00 PM
Friday: 8:00 AM - 4:00 PM
Saturday: 9:00 AM - 4:00 PM
Sunday: 9:00 AM - 4:00 PM","2025-08-11T14:00:00Z"
"De Kroon Coffeeshop Amsterdam","4.6","1826","store","https://maps.google.com/?cid=2472012917864741574&g_mp=Cidnb29nbGUubWFwcy5wbGFjZXMudjEuUGxhY2VzLlNlYXJjaFRleHQQABgEIAA","Oudebrugsteeg 26, 1012 JP Amsterdam, Netherlands","52.3759993","4.8960146","Monday: 7:00 AM - 1:00 AM
Tuesday: 7:00 AM - 1:00 AM
Wednesday: 7:00 AM - 1:00 AM
Thursday: 7:00 AM - 1:00 AM
Friday: 7:00 AM - 1:00 AM
Saturday: 7:00 AM - 1:00 AM
Sunday: 7:00 AM - 1:00 AM","2025-08-11T23:00:00Z"
"Coffeeshop The Saint","4.2","359","coffee_shop","https://maps.google.com/?cid=12571015873165925069&g_mp=Cidnb29nbGUubWFwcy5wbGFjZXMudjEuUGxhY2VzLlNlYXJjaFRleHQQABgEIAA","Regulierssteeg 2, 1017 AA Amsterdam, Netherlands","52.3669101","4.8949495999999995","Monday: 7:00 AM - 1:00 AM
Tuesday: 7:00 AM - 1:00 AM
Wednesday: 7:00 AM - 1:00 AM
Thursday: 7:00 AM - 1:00 AM
Friday: 7:00 AM - 1:00 AM
Saturday: 7:00 AM - 1:00 AM
Sunday: 9:00 AM - 1:00 AM","2025-08-11T23:00:00Z"
"Five Ways Coffee Roasters","4.6","310","cafe","https://maps.google.com/?cid=6515543384646289734&g_mp=Cidnb29nbGUubWFwcy5wbGFjZXMudjEuUGxhY2VzLlNlYXJjaFRleHQQABgEIAA","Kinkerstraat 186, 1053 CG Amsterdam, Netherlands","52.366029499999996","4.8673108","Monday: 7:30 AM - 4:30 PM
Tuesday: 7:30 AM - 4:30 PM
Wednesday: 7:30 AM - 4:30 PM
Thursday: 7:30 AM - 4:30 PM
Friday: 7:30 AM - 4:30 PM
Saturday: 8:30 AM - 5:30 PM
Sunday: 8:30 AM - 5:30 PM","2025-08-11T14:30:00Z"
"Screaming Beans Waterlooplein","4.3","244","coffee_shop","https://maps.google.com/?cid=2613408141116829368&g_mp=Cidnb29nbGUubWFwcy5wbGFjZXMudjEuUGxhY2VzLlNlYXJjaFRleHQQABgEIAA","Waterlooplein 129, 1011 PG Amsterdam, Netherlands","52.3686094","4.9021188","Monday: 8:00 AM - 6:00 PM
Tuesday: 8:00 AM - 6:00 PM
Wednesday: 8:00 AM - 6:00 PM
Thursday: 8:00 AM - 6:00 PM
Friday: 8:00 AM - 6:00 PM
Saturday: 8:00 AM - 6:00 PM
Sunday: 9:00 AM - 6:00 PM","2025-08-11T16:00:00Z"
"Koffie Academie","4.6","851","cafe","https://maps.google.com/?cid=17553798295527386772&g_mp=Cidnb29nbGUubWFwcy5wbGFjZXMudjEuUGxhY2VzLlNlYXJjaFRleHQQABgEIAA","Overtoom 95, 1054 HD Amsterdam, Netherlands","52.362382999999994","4.8746811","Monday: 8:30 AM - 4:00 PM
Tuesday: 8:30 AM - 4:00 PM
Wednesday: 8:30 AM - 4:00 PM
Thursday: 8:30 AM - 4:00 PM
Friday: 8:30 AM - 4:00 PM
Saturday: 9:00 AM - 4:00 PM
Sunday: 9:00 AM - 4:00 PM","2025-08-11T14:00:00Z"
"The Bulldog Mack","4.2","2877","cafe","https://maps.google.com/?cid=11995537173612307485&g_mp=Cidnb29nbGUubWFwcy5wbGFjZXMudjEuUGxhY2VzLlNlYXJjaFRleHQQABgEIAA","Oudezijds Voorburgwal 132, 1012 GH Amsterdam, Netherlands","52.3732681","4.8971443","Monday: 9:00 AM - 1:00 AM
Tuesday: 9:00 AM - 1:00 AM
Wednesday: 9:00 AM - 1:00 AM
Thursday: 9:00 AM - 1:00 AM
Friday: 9:00 AM - 2:00 AM
Saturday: 9:00 AM - 2:00 AM
Sunday: 9:00 AM - 1:00 AM","2025-08-11T23:00:00Z"
"Bertus (Koffie/Coffee)","4.9","171","coffee_shop","https://maps.google.com/?cid=14722225369756434315&g_mp=Cidnb29nbGUubWFwcy5wbGFjZXMudjEuUGxhY2VzLlNlYXJjaFRleHQQABgEIAA","Alexanderplein 6, 1018 CG Amsterdam, Netherlands","52.363268999999995","4.9192148","Monday: 8:30 AM - 4:30 PM
Tuesday: Closed
Wednesday: 8:30 AM - 4:30 PM
Thursday: 8:30 AM - 4:30 PM
Friday: 8:30 AM - 4:30 PM
Saturday: 9:30 AM - 5:30 PM
Sunday: 10:00 AM - 4:00 PM","2025-08-11T14:30:00Z"
"Koffiespot","4.5","594","coffee_shop","https://maps.google.com/?cid=2122484869929095106&g_mp=Cidnb29nbGUubWFwcy5wbGFjZXMudjEuUGxhY2VzLlNlYXJjaFRleHQQABgEIAA","Elandsgracht 53, 1016 TN Amsterdam, Netherlands","52.3694002","4.8805982","Monday: 8:00 AM - 6:00 PM
Tuesday: 8:00 AM - 6:00 PM
Wednesday: 8:00 AM - 6:00 PM
Thursday: 8:00 AM - 6:00 PM
Friday: 8:00 AM - 6:00 PM
Saturday: 9:00 AM - 6:00 PM
Sunday: 9:00 AM - 6:00 PM","2025-08-11T16:00:00Z"
"Coffeeshop The Otherside","4.0","1140","store","https://maps.google.com/?cid=6493893213967095037&g_mp=Cidnb29nbGUubWFwcy5wbGFjZXMudjEuUGxhY2VzLlNlYXJjaFRleHQQABgEIAA","Reguliersdwarsstraat 6, 1017 BM Amsterdam, Netherlands","52.366786","4.8892283","Monday: 10:00 AM - 12:00 AM
Tuesday: 10:00 AM - 12:00 AM
Wednesday: 10:00 AM - 12:00 AM
Thursday: 10:00 AM - 12:00 AM
Friday: 10:00 AM - 12:00 AM
Saturday: 10:00 AM - 12:00 AM
Sunday: 10:00 AM - 12:00 AM","2025-08-11T22:00:00Z"
"Dak Showroom by Dak Coffee Roasters","4.8","122","coffee_shop","https://maps.google.com/?cid=10131096394286370724&g_mp=Cidnb29nbGUubWFwcy5wbGFjZXMudjEuUGxhY2VzLlNlYXJjaFRleHQQABgEIAA","Bellamyplein 16H, 1053 AS Amsterdam, Netherlands","52.3684127","4.867310499999999","Monday: 8:00 AM - 5:00 PM
Tuesday: 8:00 AM - 5:00 PM
Wednesday: 8:00 AM - 5:00 PM
Thursday: 8:00 AM - 5:00 PM
Friday: 8:00 AM - 5:00 PM
Saturday: 9:00 AM - 5:00 PM
Sunday: 9:00 AM - 5:00 PM","2025-08-11T15:00:00Z"
"De Overkant","4.6","409","store","https://maps.google.com/?cid=6291731879892498230&g_mp=Cidnb29nbGUubWFwcy5wbGFjZXMudjEuUGxhY2VzLlNlYXJjaFRleHQQABgEIAA","Nieuwe Herengracht 71, 1011 RC Amsterdam, Netherlands","52.3673263","4.906465799999999","Monday: 9:30 AM - 12:00 AM
Tuesday: 9:30 AM - 12:00 AM
Wednesday: 9:30 AM - 12:00 AM
Thursday: 9:30 AM - 12:00 AM
Friday: 9:30 AM - 12:00 AM
Saturday: 9:30 AM - 12:00 AM
Sunday: 9:30 AM - 12:00 AM","2025-08-11T22:00:00Z"
"Bakhuys Amsterdam","4.5","2191","bakery","https://maps.google.com/?cid=9585042363666602120&g_mp=Cidnb29nbGUubWFwcy5wbGFjZXMudjEuUGxhY2VzLlNlYXJjaFRleHQQABgEIAA","Sarphatistraat 61, 1018 EX Amsterdam, Netherlands","52.3611217","4.9068606","Monday: 7:00 AM - 5:00 PM
Tuesday: 7:00 AM - 5:00 PM
Wednesday: 7:00 AM - 5:00 PM
Thursday: 7:00 AM - 5:00 PM
Friday: 7:00 AM - 5:00 PM
Saturday: 8:00 AM - 5:00 PM
Sunday: 8:00 AM - 5:00 PM","2025-08-11T15:00:00Z"
"LOCALS SPECIALTY COFFEE TO GO","4.4","269","cafe","https://maps.google.com/?cid=539555943290799912&g_mp=Cidnb29nbGUubWFwcy5wbGFjZXMudjEuUGxhY2VzLlNlYXJjaFRleHQQABgEIAA","Ferdinand Bolstraat 21-B, 1072 LB Amsterdam, Netherlands","52.3561044","4.890694","Monday: 8:00 AM - 4:00 PM
Tuesday: 8:00 AM - 4:00 PM
Wednesday: 8:00 AM - 4:00 PM
Thursday: 8:00 AM - 4:00 PM
Friday: 8:00 AM - 4:00 PM
Saturday: 8:00 AM - 5:00 PM
Sunday: 8:00 AM - 5:00 PM","2025-08-11T14:00:00Z"
"de koffiesalon spui","4.3","1187","coffee_shop","https://maps.google.com/?cid=1116871452306062634&g_mp=Cidnb29nbGUubWFwcy5wbGFjZXMudjEuUGxhY2VzLlNlYXJjaFRleHQQABgEIAA","Spuistraat 281, 1012 VR Amsterdam, Netherlands","52.3695824","4.8890002","Monday: 7:00 AM - 7:00 PM
Tuesday: 7:00 AM - 7:00 PM
Wednesday: 7:00 AM - 7:00 PM
Thursday: 7:00 AM - 7:00 PM
Friday: 7:00 AM - 7:00 PM
Saturday: 7:00 AM - 7:00 PM
Sunday: 7:00 AM - 7:00 PM","2025-08-11T17:00:00Z"
"Bruno’s Amsterdam","4.9","306","coffee_shop","https://maps.google.com/?cid=16925071792895390583&g_mp=Cidnb29nbGUubWFwcy5wbGFjZXMudjEuUGxhY2VzLlNlYXJjaFRleHQQABgEIAA","Tweede Goudsbloemdwarsstraat 3C, 1015 JX Amsterdam, Netherlands","52.381000199999995","4.8840619","Monday: 7:30 AM - 1:00 PM
Tuesday: 7:30 AM - 2:00 PM
Wednesday: 7:30 AM - 2:00 PM
Thursday: 7:30 AM - 2:00 PM
Friday: 7:30 AM - 2:00 PM
Saturday: 7:30 AM - 4:00 PM
Sunday: 10:00 AM - 2:00 PM","2025-08-11T11:00:00Z"
"Wakuli specialty coffee bar","4.8","75","cafe","https://maps.google.com/?cid=5939224436823812276&g_mp=Cidnb29nbGUubWFwcy5wbGFjZXMudjEuUGxhY2VzLlNlYXJjaFRleHQQABgEIAA","Wagenaarstraat 70H, 1093 CV Amsterdam, Netherlands","52.3630664","4.9269935","Monday: 7:00 AM - 5:00 PM
Tuesday: 7:00 AM - 5:00 PM
Wednesday: 7:00 AM - 5:00 PM
Thursday: 7:00 AM - 5:00 PM
Friday: 7:00 AM - 5:00 PM
Saturday: 8:00 AM - 6:00 PM
Sunday: 8:00 AM - 6:00 PM","2025-08-11T15:00:00Z"
"Bij Paul @ cafe slijterij Oosterling en klein Bij Paul Hemonystraat","4.8","616","breakfast_restaurant","https://maps.google.com/?cid=15299013211287569186&g_mp=Cidnb29nbGUubWFwcy5wbGFjZXMudjEuUGxhY2VzLlNlYXJjaFRleHQQABgEIAA","Utrechtsestraat 140, Hemonystraat 10, 1017 VT Amsterdam, Netherlands","52.3610581","4.8992838","Monday: 9:00 AM - 4:00 PM
Tuesday: 9:00 AM - 4:00 PM
Wednesday: 9:00 AM - 4:00 PM
Thursday: 9:00 AM - 4:00 PM
Friday: 9:00 AM - 4:00 PM
Saturday: 9:00 AM - 4:00 PM
Sunday: 9:00 AM - 4:00 PM","2025-08-11T14:00:00Z"
"Coffee Bru","4.8","236","coffee_shop","https://maps.google.com/?cid=1331387362694749509&g_mp=Cidnb29nbGUubWFwcy5wbGFjZXMudjEuUGxhY2VzLlNlYXJjaFRleHQQABgEIAA","Van Woustraat 113, 1074 AH Amsterdam, Netherlands","52.3538168","4.902360799999999","Monday: 8:00 AM - 4:00 PM
Tuesday: 8:00 AM - 4:00 PM
Wednesday: 8:00 AM - 4:00 PM
Thursday: 8:00 AM - 4:00 PM
Friday: 8:00 AM - 4:00 PM
Saturday: 9:00 AM - 5:00 PM
Sunday: 9:00 AM - 5:00 PM","2025-08-11T14:00:00Z"
"Haku Specialty Coffee","4.8","324","food_store","https://maps.google.com/?cid=6154733505273622538&g_mp=Cidnb29nbGUubWFwcy5wbGFjZXMudjEuUGxhY2VzLlNlYXJjaFRleHQQABgEIAA","Rozengracht 69, 1016 LT Amsterdam, Netherlands","52.373287999999995","4.880800499999999","Monday: 8:00 AM - 5:00 PM
Tuesday: 8:00 AM - 5:00 PM
Wednesday: 8:00 AM - 5:00 PM
Thursday: 8:00 AM - 5:00 PM
Friday: 8:00 AM - 5:00 PM
Saturday: 9:00 AM - 6:00 PM
Sunday: 9:00 AM - 6:00 PM","2025-08-11T15:00:00Z"
"Monks Coffee Roasters.","4.7","873","cafe","https://maps.google.com/?cid=5891699866678143707&g_mp=Cidnb29nbGUubWFwcy5wbGFjZXMudjEuUGxhY2VzLlNlYXJjaFRleHQQABgEIAA","Bilderdijkstraat 46H, 1052 NB Amsterdam, Netherlands","52.3712151","4.8702463","Monday: 8:00 AM - 4:00 PM
Tuesday: 8:00 AM - 4:00 PM
Wednesday: 8:00 AM - 4:00 PM
Thursday: 8:00 AM - 4:00 PM
Friday: 8:00 AM - 4:00 PM
Saturday: 9:00 AM - 4:00 PM
Sunday: 9:00 AM - 4:00 PM","2025-08-11T14:00:00Z"
"De Kroon Coffeeshop Amsterdam","4.6","1826","store","https://maps.google.com/?cid=2472012917864741574&g_mp=Cidnb29nbGUubWFwcy5wbGFjZXMudjEuUGxhY2VzLlNlYXJjaFRleHQQABgEIAA","Oudebrugsteeg 26, 1012 JP Amsterdam, Netherlands","52.3759993","4.8960146","Monday: 7:00 AM - 1:00 AM
Tuesday: 7:00 AM - 1:00 AM
Wednesday: 7:00 AM - 1:00 AM
Thursday: 7:00 AM - 1:00 AM
Friday: 7:00 AM - 1:00 AM
Saturday: 7:00 AM - 1:00 AM
Sunday: 7:00 AM - 1:00 AM","2025-08-11T23:00:00Z"
"Coffeeshop The Saint","4.2","359","coffee_shop","https://maps.google.com/?cid=12571015873165925069&g_mp=Cidnb29nbGUubWFwcy5wbGFjZXMudjEuUGxhY2VzLlNlYXJjaFRleHQQABgEIAA","Regulierssteeg 2, 1017 AA Amsterdam, Netherlands","52.3669101","4.8949495999999995","Monday: 7:00 AM - 1:00 AM
Tuesday: 7:00 AM - 1:00 AM
Wednesday: 7:00 AM - 1:00 AM
Thursday: 7:00 AM - 1:00 AM
Friday: 7:00 AM - 1:00 AM
Saturday: 7:00 AM - 1:00 AM
Sunday: 9:00 AM - 1:00 AM","2025-08-11T23:00:00Z"
"Five Ways Coffee Roasters","4.6","310","cafe","https://maps.google.com/?cid=6515543384646289734&g_mp=Cidnb29nbGUubWFwcy5wbGFjZXMudjEuUGxhY2VzLlNlYXJjaFRleHQQABgEIAA","Kinkerstraat 186, 1053 CG Amsterdam, Netherlands","52.366029499999996","4.8673108","Monday: 7:30 AM - 4:30 PM
Tuesday: 7:30 AM - 4:30 PM
Wednesday: 7:30 AM - 4:30 PM
Thursday: 7:30 AM - 4:30 PM
Friday: 7:30 AM - 4:30 PM
Saturday: 8:30 AM - 5:30 PM
Sunday: 8:30 AM - 5:30 PM","2025-08-11T14:30:00Z"
"Screaming Beans Waterlooplein","4.3","244","coffee_shop","https://maps.google.com/?cid=2613408141116829368&g_mp=Cidnb29nbGUubWFwcy5wbGFjZXMudjEuUGxhY2VzLlNlYXJjaFRleHQQABgEIAA","Waterlooplein 129, 1011 PG Amsterdam, Netherlands","52.3686094","4.9021188","Monday: 8:00 AM - 6:00 PM
Tuesday: 8:00 AM - 6:00 PM
Wednesday: 8:00 AM - 6:00 PM
Thursday: 8:00 AM - 6:00 PM
Friday: 8:00 AM - 6:00 PM
Saturday: 8:00 AM - 6:00 PM
Sunday: 9:00 AM - 6:00 PM","2025-08-11T16:00:00Z"
"Koffie Academie","4.6","851","cafe","https://maps.google.com/?cid=17553798295527386772&g_mp=Cidnb29nbGUubWFwcy5wbGFjZXMudjEuUGxhY2VzLlNlYXJjaFRleHQQABgEIAA","Overtoom 95, 1054 HD Amsterdam, Netherlands","52.362382999999994","4.8746811","Monday: 8:30 AM - 4:00 PM
Tuesday: 8:30 AM - 4:00 PM
Wednesday: 8:30 AM - 4:00 PM
Thursday: 8:30 AM - 4:00 PM
Friday: 8:30 AM - 4:00 PM
Saturday: 9:00 AM - 4:00 PM
Sunday: 9:00 AM - 4:00 PM","2025-08-11T14:00:00Z"
"The Bulldog Mack","4.2","2877","cafe","https://maps.google.com/?cid=11995537173612307485&g_mp=Cidnb29nbGUubWFwcy5wbGFjZXMudjEuUGxhY2VzLlNlYXJjaFRleHQQABgEIAA","Oudezijds Voorburgwal 132, 1012 GH Amsterdam, Netherlands","52.3732681","4.8971443","Monday: 9:00 AM - 1:00 AM
Tuesday: 9:00 AM - 1:00 AM
Wednesday: 9:00 AM - 1:00 AM
Thursday: 9:00 AM - 1:00 AM
Friday: 9:00 AM - 2:00 AM
Saturday: 9:00 AM - 2:00 AM
Sunday: 9:00 AM - 1:00 AM","2025-08-11T23:00:00Z"
"Bertus (Koffie/Coffee)","4.9","171","coffee_shop","https://maps.google.com/?cid=14722225369756434315&g_mp=Cidnb29nbGUubWFwcy5wbGFjZXMudjEuUGxhY2VzLlNlYXJjaFRleHQQABgEIAA","Alexanderplein 6, 1018 CG Amsterdam, Netherlands","52.363268999999995","4.9192148","Monday: 8:30 AM - 4:30 PM
Tuesday: Closed
Wednesday: 8:30 AM - 4:30 PM
Thursday: 8:30 AM - 4:30 PM
Friday: 8:30 AM - 4:30 PM
Saturday: 9:30 AM - 5:30 PM
Sunday: 10:00 AM - 4:00 PM","2025-08-11T14:30:00Z"
"Koffiespot","4.5","594","coffee_shop","https://maps.google.com/?cid=2122484869929095106&g_mp=Cidnb29nbGUubWFwcy5wbGFjZXMudjEuUGxhY2VzLlNlYXJjaFRleHQQABgEIAA","Elandsgracht 53, 1016 TN Amsterdam, Netherlands","52.3694002","4.8805982","Monday: 8:00 AM - 6:00 PM
Tuesday: 8:00 AM - 6:00 PM
Wednesday: 8:00 AM - 6:00 PM
Thursday: 8:00 AM - 6:00 PM
Friday: 8:00 AM - 6:00 PM
Saturday: 9:00 AM - 6:00 PM
Sunday: 9:00 AM - 6:00 PM","2025-08-11T16:00:00Z"
"Coffeeshop The Otherside","4.0","1140","store","https://maps.google.com/?cid=6493893213967095037&g_mp=Cidnb29nbGUubWFwcy5wbGFjZXMudjEuUGxhY2VzLlNlYXJjaFRleHQQABgEIAA","Reguliersdwarsstraat 6, 1017 BM Amsterdam, Netherlands","52.366786","4.8892283","Monday: 10:00 AM - 12:00 AM
Tuesday: 10:00 AM - 12:00 AM
Wednesday: 10:00 AM - 12:00 AM
Thursday: 10:00 AM - 12:00 AM
Friday: 10:00 AM - 12:00 AM
Saturday: 10:00 AM - 12:00 AM
Sunday: 10:00 AM - 12:00 AM","2025-08-11T22:00:00Z"
"Dak Showroom by Dak Coffee Roasters","4.8","122","coffee_shop","https://maps.google.com/?cid=10131096394286370724&g_mp=Cidnb29nbGUubWFwcy5wbGFjZXMudjEuUGxhY2VzLlNlYXJjaFRleHQQABgEIAA","Bellamyplein 16H, 1053 AS Amsterdam, Netherlands","52.3684127","4.867310499999999","Monday: 8:00 AM - 5:00 PM
Tuesday: 8:00 AM - 5:00 PM
Wednesday: 8:00 AM - 5:00 PM
Thursday: 8:00 AM - 5:00 PM
Friday: 8:00 AM - 5:00 PM
Saturday: 9:00 AM - 5:00 PM
Sunday: 9:00 AM - 5:00 PM","2025-08-11T15:00:00Z"
"De Overkant","4.6","409","store","https://maps.google.com/?cid=6291731879892498230&g_mp=Cidnb29nbGUubWFwcy5wbGFjZXMudjEuUGxhY2VzLlNlYXJjaFRleHQQABgEIAA","Nieuwe Herengracht 71, 1011 RC Amsterdam, Netherlands","52.3673263","4.906465799999999","Monday: 9:30 AM - 12:00 AM
Tuesday: 9:30 AM - 12:00 AM
Wednesday: 9:30 AM - 12:00 AM
Thursday: 9:30 AM - 12:00 AM
Friday: 9:30 AM - 12:00 AM
Saturday: 9:30 AM - 12:00 AM
Sunday: 9:30 AM - 12:00 AM","2025-08-11T22:00:00Z"
"Bakhuys Amsterdam","4.5","2191","bakery","https://maps.google.com/?cid=9585042363666602120&g_mp=Cidnb29nbGUubWFwcy5wbGFjZXMudjEuUGxhY2VzLlNlYXJjaFRleHQQABgEIAA","Sarphatistraat 61, 1018 EX Amsterdam, Netherlands","52.3611217","4.9068606","Monday: 7:00 AM - 5:00 PM
Tuesday: 7:00 AM - 5:00 PM
Wednesday: 7:00 AM - 5:00 PM
Thursday: 7:00 AM - 5:00 PM
Friday: 7:00 AM - 5:00 PM
Saturday: 8:00 AM - 5:00 PM
Sunday: 8:00 AM - 5:00 PM","2025-08-11T15:00:00Z"
"LOCALS SPECIALTY COFFEE TO GO","4.4","269","cafe","https://maps.google.com/?cid=539555943290799912&g_mp=Cidnb29nbGUubWFwcy5wbGFjZXMudjEuUGxhY2VzLlNlYXJjaFRleHQQABgEIAA","Ferdinand Bolstraat 21-B, 1072 LB Amsterdam, Netherlands","52.3561044","4.890694","Monday: 8:00 AM - 4:00 PM
Tuesday: 8:00 AM - 4:00 PM
Wednesday: 8:00 AM - 4:00 PM
Thursday: 8:00 AM - 4:00 PM
Friday: 8:00 AM - 4:00 PM
Saturday: 8:00 AM - 5:00 PM
Sunday: 8:00 AM - 5:00 PM","2025-08-11T14:00:00Z"
"de koffiesalon spui","4.3","1187","coffee_shop","https://maps.google.com/?cid=1116871452306062634&g_mp=Cidnb29nbGUubWFwcy5wbGFjZXMudjEuUGxhY2VzLlNlYXJjaFRleHQQABgEIAA","Spuistraat 281, 1012 VR Amsterdam, Netherlands","52.3695824","4.8890002","Monday: 7:00 AM - 7:00 PM
Tuesday: 7:00 AM - 7:00 PM
Wednesday: 7:00 AM - 7:00 PM
Thursday: 7:00 AM - 7:00 PM
Friday: 7:00 AM - 7:00 PM
Saturday: 7:00 AM - 7:00 PM
Sunday: 7:00 AM - 7:00 PM","2025-08-11T17:00:00Z"
"Bruno’s Amsterdam","4.9","306","coffee_shop","https://maps.google.com/?cid=16925071792895390583&g_mp=Cidnb29nbGUubWFwcy5wbGFjZXMudjEuUGxhY2VzLlNlYXJjaFRleHQQABgEIAA","Tweede Goudsbloemdwarsstraat 3C, 1015 JX Amsterdam, Netherlands","52.381000199999995","4.8840619","Monday: 7:30 AM - 1:00 PM
Tuesday: 7:30 AM - 2:00 PM
Wednesday: 7:30 AM - 2:00 PM
Thursday: 7:30 AM - 2:00 PM
Friday: 7:30 AM - 2:00 PM
Saturday: 7:30 AM - 4:00 PM
Sunday: 10:00 AM - 2:00 PM","2025-08-11T11:00:00Z"
"Wakuli specialty coffee bar","4.8","75","cafe","https://maps.google.com/?cid=5939224436823812276&g_mp=Cidnb29nbGUubWFwcy5wbGFjZXMudjEuUGxhY2VzLlNlYXJjaFRleHQQABgEIAA","Wagenaarstraat 70H, 1093 CV Amsterdam, Netherlands","52.3630664","4.9269935","Monday: 7:00 AM - 5:00 PM
Tuesday: 7:00 AM - 5:00 PM
Wednesday: 7:00 AM - 5:00 PM
Thursday: 7:00 AM - 5:00 PM
Friday: 7:00 AM - 5:00 PM
Saturday: 8:00 AM - 6:00 PM
Sunday: 8:00 AM - 6:00 PM","2025-08-11T15:00:00Z"
"Bij Paul @ cafe slijterij Oosterling en klein Bij Paul Hemonystraat","4.8","616","breakfast_restaurant","https://maps.google.com/?cid=15299013211287569186&g_mp=Cidnb29nbGUubWFwcy5wbGFjZXMudjEuUGxhY2VzLlNlYXJjaFRleHQQABgEIAA","Utrechtsestraat 140, Hemonystraat 10, 1017 VT Amsterdam, Netherlands","52.3610581","4.8992838","Monday: 9:00 AM - 4:00 PM
Tuesday: 9:00 AM - 4:00 PM
Wednesday: 9:00 AM - 4:00 PM
Thursday: 9:00 AM - 4:00 PM
Friday: 9:00 AM - 4:00 PM
Saturday: 9:00 AM - 4:00 PM
Sunday: 9:00 AM - 4:00 PM","2025-08-11T14:00:00Z"
"Coffee Bru","4.8","236","coffee_shop","https://maps.google.com/?cid=1331387362694749509&g_mp=Cidnb29nbGUubWFwcy5wbGFjZXMudjEuUGxhY2VzLlNlYXJjaFRleHQQABgEIAA","Van Woustraat 113, 1074 AH Amsterdam, Netherlands","52.3538168","4.902360799999999","Monday: 8:00 AM - 4:00 PM
Tuesday: 8:00 AM - 4:00 PM
Wednesday: 8:00 AM - 4:00 PM
Thursday: 8:00 AM - 4:00 PM
Friday: 8:00 AM - 4:00 PM
Saturday: 9:00 AM - 5:00 PM
Sunday: 9:00 AM - 5:00 PM","2025-08-11T14:00:00Z"
"Haku Specialty Coffee","4.8","324","food_store","https://maps.google.com/?cid=6154733505273622538&g_mp=Cidnb29nbGUubWFwcy5wbGFjZXMudjEuUGxhY2VzLlNlYXJjaFRleHQQABgEIAA","Rozengracht 69, 1016 LT Amsterdam, Netherlands","52.373287999999995","4.880800499999999","Monday: 8:00 AM - 5:00 PM
Tuesday: 8:00 AM - 5:00 PM
Wednesday: 8:00 AM - 5:00 PM
Thursday: 8:00 AM - 5:00 PM
Friday: 8:00 AM - 5:00 PM
Saturday: 9:00 AM - 6:00 PM
Sunday: 9:00 AM - 6:00 PM","2025-08-11T15:00:00Z"
"Monks Coffee Roasters.","4.7","873","cafe","https://maps.google.com/?cid=5891699866678143707&g_mp=Cidnb29nbGUubWFwcy5wbGFjZXMudjEuUGxhY2VzLlNlYXJjaFRleHQQABgEIAA","Bilderdijkstraat 46H, 1052 NB Amsterdam, Netherlands","52.3712151","4.8702463","Monday: 8:00 AM - 4:00 PM
Tuesday: 8:00 AM - 4:00 PM
Wednesday: 8:00 AM - 4:00 PM
Thursday: 8:00 AM - 4:00 PM
Friday: 8:00 AM - 4:00 PM
Saturday: 9:00 AM - 4:00 PM
Sunday: 9:00 AM - 4:00 PM","2025-08-11T14:00:00Z"
"De Kroon Coffeeshop Amsterdam","4.6","1826","store","https://maps.google.com/?cid=2472012917864741574&g_mp=Cidnb29nbGUubWFwcy5wbGFjZXMudjEuUGxhY2VzLlNlYXJjaFRleHQQABgEIAA","Oudebrugsteeg 26, 1012 JP Amsterdam, Netherlands","52.3759993","4.8960146","Monday: 7:00 AM - 1:00 AM
Tuesday: 7:00 AM - 1:00 AM
Wednesday: 7:00 AM - 1:00 AM
Thursday: 7:00 AM - 1:00 AM
Friday: 7:00 AM - 1:00 AM
Saturday: 7:00 AM - 1:00 AM
Sunday: 7:00 AM - 1:00 AM","2025-08-11T23:00:00Z"
"Coffeeshop The Saint","4.2","359","coffee_shop","https://maps.google.com/?cid=12571015873165925069&g_mp=Cidnb29nbGUubWFwcy5wbGFjZXMudjEuUGxhY2VzLlNlYXJjaFRleHQQABgEIAA","Regulierssteeg 2, 1017 AA Amsterdam, Netherlands","52.3669101","4.8949495999999995","Monday: 7:00 AM - 1:00 AM
Tuesday: 7:00 AM - 1:00 AM
Wednesday: 7:00 AM - 1:00 AM
Thursday: 7:00 AM - 1:00 AM
Friday: 7:00 AM - 1:00 AM
Saturday: 7:00 AM - 1:00 AM
Sunday: 9:00 AM - 1:00 AM","2025-08-11T23:00:00Z"
"Five Ways Coffee Roasters","4.6","310","cafe","https://maps.google.com/?cid=6515543384646289734&g_mp=Cidnb29nbGUubWFwcy5wbGFjZXMudjEuUGxhY2VzLlNlYXJjaFRleHQQABgEIAA","Kinkerstraat 186, 1053 CG Amsterdam, Netherlands","52.366029499999996","4.8673108","Monday: 7:30 AM - 4:30 PM
Tuesday: 7:30 AM - 4:30 PM
Wednesday: 7:30 AM - 4:30 PM
Thursday: 7:30 AM - 4:30 PM
Friday: 7:30 AM - 4:30 PM
Saturday: 8:30 AM - 5:30 PM
Sunday: 8:30 AM - 5:30 PM","2025-08-11T14:30:00Z"
"Screaming Beans Waterlooplein","4.3","244","coffee_shop","https://maps.google.com/?cid=2613408141116829368&g_mp=Cidnb29nbGUubWFwcy5wbGFjZXMudjEuUGxhY2VzLlNlYXJjaFRleHQQABgEIAA","Waterlooplein 129, 1011 PG Amsterdam, Netherlands","52.3686094","4.9021188","Monday: 8:00 AM - 6:00 PM
Tuesday: 8:00 AM - 6:00 PM
Wednesday: 8:00 AM - 6:00 PM
Thursday: 8:00 AM - 6:00 PM
Friday: 8:00 AM - 6:00 PM
Saturday: 8:00 AM - 6:00 PM
Sunday: 9:00 AM - 6:00 PM","2025-08-11T16:00:00Z"
"Koffie Academie","4.6","851","cafe","https://maps.google.com/?cid=17553798295527386772&g_mp=Cidnb29nbGUubWFwcy5wbGFjZXMudjEuUGxhY2VzLlNlYXJjaFRleHQQABgEIAA","Overtoom 95, 1054 HD Amsterdam, Netherlands","52.362382999999994","4.8746811","Monday: 8:30 AM - 4:00 PM
Tuesday: 8:30 AM - 4:00 PM
Wednesday: 8:30 AM - 4:00 PM
Thursday: 8:30 AM - 4:00 PM
Friday: 8:30 AM - 4:00 PM
Saturday: 9:00 AM - 4:00 PM
Sunday: 9:00 AM - 4:00 PM","2025-08-11T14:00:00Z"
"The Bulldog Mack","4.2","2877","cafe","https://maps.google.com/?cid=11995537173612307485&g_mp=Cidnb29nbGUubWFwcy5wbGFjZXMudjEuUGxhY2VzLlNlYXJjaFRleHQQABgEIAA","Oudezijds Voorburgwal 132, 1012 GH Amsterdam, Netherlands","52.3732681","4.8971443","Monday: 9:00 AM - 1:00 AM
Tuesday: 9:00 AM - 1:00 AM
Wednesday: 9:00 AM - 1:00 AM
Thursday: 9:00 AM - 1:00 AM
Friday: 9:00 AM - 2:00 AM
Saturday: 9:00 AM - 2:00 AM
Sunday: 9:00 AM - 1:00 AM","2025-08-11T23:00:00Z"
"Bertus (Koffie/Coffee)","4.9","171","coffee_shop","https://maps.google.com/?cid=14722225369756434315&g_mp=Cidnb29nbGUubWFwcy5wbGFjZXMudjEuUGxhY2VzLlNlYXJjaFRleHQQABgEIAA","Alexanderplein 6, 1018 CG Amsterdam, Netherlands","52.363268999999995","4.9192148","Monday: 8:30 AM - 4:30 PM
Tuesday: Closed
Wednesday: 8:30 AM - 4:30 PM
Thursday: 8:30 AM - 4:30 PM
Friday: 8:30 AM - 4:30 PM
Saturday: 9:30 AM - 5:30 PM
Sunday: 10:00 AM - 4:00 PM","2025-08-11T14:30:00Z"
"Koffiespot","4.5","594","coffee_shop","https://maps.google.com/?cid=2122484869929095106&g_mp=Cidnb29nbGUubWFwcy5wbGFjZXMudjEuUGxhY2VzLlNlYXJjaFRleHQQABgEIAA","Elandsgracht 53, 1016 TN Amsterdam, Netherlands","52.3694002","4.8805982","Monday: 8:00 AM - 6:00 PM
Tuesday: 8:00 AM - 6:00 PM
Wednesday: 8:00 AM - 6:00 PM
Thursday: 8:00 AM - 6:00 PM
Friday: 8:00 AM - 6:00 PM
Saturday: 9:00 AM - 6:00 PM
Sunday: 9:00 AM - 6:00 PM","2025-08-11T16:00:00Z"
"Coffeeshop The Otherside","4.0","1140","store","https://maps.google.com/?cid=6493893213967095037&g_mp=Cidnb29nbGUubWFwcy5wbGFjZXMudjEuUGxhY2VzLlNlYXJjaFRleHQQABgEIAA","Reguliersdwarsstraat 6, 1017 BM Amsterdam, Netherlands","52.366786","4.8892283","Monday: 10:00 AM - 12:00 AM
Tuesday: 10:00 AM - 12:00 AM
Wednesday: 10:00 AM - 12:00 AM
Thursday: 10:00 AM - 12:00 AM
Friday: 10:00 AM - 12:00 AM
Saturday: 10:00 AM - 12:00 AM
Sunday: 10:00 AM - 12:00 AM","2025-08-11T22:00:00Z"
"Dak Showroom by Dak Coffee Roasters","4.8","122","coffee_shop","https://maps.google.com/?cid=10131096394286370724&g_mp=Cidnb29nbGUubWFwcy5wbGFjZXMudjEuUGxhY2VzLlNlYXJjaFRleHQQABgEIAA","Bellamyplein 16H, 1053 AS Amsterdam, Netherlands","52.3684127","4.867310499999999","Monday: 8:00 AM - 5:00 PM
Tuesday: 8:00 AM - 5:00 PM
Wednesday: 8:00 AM - 5:00 PM
Thursday: 8:00 AM - 5:00 PM
Friday: 8:00 AM - 5:00 PM
Saturday: 9:00 AM - 5:00 PM
Sunday: 9:00 AM - 5:00 PM","2025-08-11T15:00:00Z"
"De Overkant","4.6","409","store","https://maps.google.com/?cid=6291731879892498230&g_mp=Cidnb29nbGUubWFwcy5wbGFjZXMudjEuUGxhY2VzLlNlYXJjaFRleHQQABgEIAA","Nieuwe Herengracht 71, 1011 RC Amsterdam, Netherlands","52.3673263","4.906465799999999","Monday: 9:30 AM - 12:00 AM
Tuesday: 9:30 AM - 12:00 AM
Wednesday: 9:30 AM - 12:00 AM
Thursday: 9:30 AM - 12:00 AM
Friday: 9:30 AM - 12:00 AM
Saturday: 9:30 AM - 12:00 AM
Sunday: 9:30 AM - 12:00 AM","2025-08-11T22:00:00Z"
"Bakhuys Amsterdam","4.5","2191","bakery","https://maps.google.com/?cid=9585042363666602120&g_mp=Cidnb29nbGUubWFwcy5wbGFjZXMudjEuUGxhY2VzLlNlYXJjaFRleHQQABgEIAA","Sarphatistraat 61, 1018 EX Amsterdam, Netherlands","52.3611217","4.9068606","Monday: 7:00 AM - 5:00 PM
Tuesday: 7:00 AM - 5:00 PM
Wednesday: 7:00 AM - 5:00 PM
Thursday: 7:00 AM - 5:00 PM
Friday: 7:00 AM - 5:00 PM
Saturday: 8:00 AM - 5:00 PM
Sunday: 8:00 AM - 5:00 PM","2025-08-11T15:00:00Z"
"LOCALS SPECIALTY COFFEE TO GO","4.4","269","cafe","https://maps.google.com/?cid=539555943290799912&g_mp=Cidnb29nbGUubWFwcy5wbGFjZXMudjEuUGxhY2VzLlNlYXJjaFRleHQQABgEIAA","Ferdinand Bolstraat 21-B, 1072 LB Amsterdam, Netherlands","52.3561044","4.890694","Monday: 8:00 AM - 4:00 PM
Tuesday: 8:00 AM - 4:00 PM
Wednesday: 8:00 AM - 4:00 PM
Thursday: 8:00 AM - 4:00 PM
Friday: 8:00 AM - 4:00 PM
Saturday: 8:00 AM - 5:00 PM
Sunday: 8:00 AM - 5:00 PM","2025-08-11T14:00:00Z"
"de koffiesalon spui","4.3","1187","coffee_shop","https://maps.google.com/?cid=1116871452306062634&g_mp=Cidnb29nbGUubWFwcy5wbGFjZXMudjEuUGxhY2VzLlNlYXJjaFRleHQQABgEIAA","Spuistraat 281, 1012 VR Amsterdam, Netherlands","52.3695824","4.8890002","Monday: 7:00 AM - 7:00 PM
Tuesday: 7:00 AM - 7:00 PM
Wednesday: 7:00 AM - 7:00 PM
Thursday: 7:00 AM - 7:00 PM
Friday: 7:00 AM - 7:00 PM
Saturday: 7:00 AM - 7:00 PM
Sunday: 7:00 AM - 7:00 PM","2025-08-11T17:00:00Z"
"Bruno’s Amsterdam","4.9","306","coffee_shop","https://maps.google.com/?cid=16925071792895390583&g_mp=Cidnb29nbGUubWFwcy5wbGFjZXMudjEuUGxhY2VzLlNlYXJjaFRleHQQABgEIAA","Tweede Goudsbloemdwarsstraat 3C, 1015 JX Amsterdam, Netherlands","52.381000199999995","4.8840619","Monday: 7:30 AM - 1:00 PM
Tuesday: 7:30 AM - 2:00 PM
Wednesday: 7:30 AM - 2:00 PM
Thursday: 7:30 AM - 2:00 PM
Friday: 7:30 AM - 2:00 PM
Saturday: 7:30 AM - 4:00 PM
Sunday: 10:00 AM - 2:00 PM","2025-08-11T11:00:00Z"
"Wakuli specialty coffee bar","4.8","75","cafe","https://maps.google.com/?cid=5939224436823812276&g_mp=Cidnb29nbGUubWFwcy5wbGFjZXMudjEuUGxhY2VzLlNlYXJjaFRleHQQABgEIAA","Wagenaarstraat 70H, 1093 CV Amsterdam, Netherlands","52.3630664","4.9269935","Monday: 7:00 AM - 5:00 PM
Tuesday: 7:00 AM - 5:00 PM
Wednesday: 7:00 AM - 5:00 PM
Thursday: 7:00 AM - 5:00 PM
Friday: 7:00 AM - 5:00 PM
Saturday: 8:00 AM - 6:00 PM
Sunday: 8:00 AM - 6:00 PM","2025-08-11T15:00:00Z"
"Bij Paul @ cafe slijterij Oosterling en klein Bij Paul Hemonystraat","4.8","616","breakfast_restaurant","https://maps.google.com/?cid=15299013211287569186&g_mp=Cidnb29nbGUubWFwcy5wbGFjZXMudjEuUGxhY2VzLlNlYXJjaFRleHQQABgEIAA","Utrechtsestraat 140, Hemonystraat 10, 1017 VT Amsterdam, Netherlands","52.3610581","4.8992838","Monday: 9:00 AM - 4:00 PM
Tuesday: 9:00 AM - 4:00 PM
Wednesday: 9:00 AM - 4:00 PM
Thursday: 9:00 AM - 4:00 PM
Friday: 9:00 AM - 4:00 PM
Saturday: 9:00 AM - 4:00 PM
Sunday: 9:00 AM - 4:00 PM","2025-08-11T14:00:00Z"
